"matchCompact__link href","timeline__value","matchTeam__logo src 2","matchTeam__name 2"
"https://www.footmercato.net/live/750731754587322005-concarneau-vs-nimes","13/09","https://assets-fr.imgfoot.com/media/cache/60x60/club/nimes.png","Nîmes"
"https://www.footmercato.net/live/4804069294873773134-concarneau-vs-rouen","27/09","https://assets-fr.imgfoot.com/media/cache/60x60/club/rouen.png","Rouen"
"https://www.footmercato.net/live/554470380490907195-concarneau-vs-chateauroux","04/10","https://assets-fr.imgfoot.com/media/cache/60x60/club/chateauroux.png","Châteauroux"
"https://www.footmercato.net/live/1454064423954105597-concarneau-vs-villefranche","23/10","https://assets-fr.imgfoot.com/media/cache/60x60/club/fc-villeranche-beaujolais.png","Villefranche"
"https://www.footmercato.net/live/3001244405369137027-concarneau-vs-dijon","08/11","https://assets-fr.imgfoot.com/media/cache/60x60/club/dijon.png","Dijon"
"https://www.footmercato.net/live/6224604693572377987-concarneau-vs-bourg-peronnas","06/12","https://assets-fr.imgfoot.com/media/cache/60x60/club/bourg-peronnas.png","FBBP 01"
"https://www.footmercato.net/live/3775860220628715654-concarneau-vs-nancy","24/01","https://assets-fr.imgfoot.com/media/cache/60x60/club/nancy.png","Nancy"
"https://www.footmercato.net/live/7674520465732577903-concarneau-vs-orleans","07/02","https://assets-fr.imgfoot.com/media/cache/60x60/club/orleans.png","Orléans"
"https://www.footmercato.net/live/1206174773197333015-concarneau-vs-valenciennes","21/02","https://assets-fr.imgfoot.com/media/cache/60x60/club/valenciennes.png","Valenciennes"
"https://www.footmercato.net/live/5422472452141405719-concarneau-vs-versailles","14/03","https://assets-fr.imgfoot.com/media/cache/60x60/logo-versailles.png","Versailles"