"eventRowLink href","event__time","event__logo src","event__participant","event__logo src 2","event__participant 2"
"https://www.flashscore.fr/match/MeImaY9t/#/resume-du-match","05.10.2024 20:00","https://static.flashscore.com/res/image/data/xYqIsjS0-h8stGA9B.png","Quimper F","https://static.flashscore.com/res/image/data/jFVCfLRq-UVTRjfma.png","Bordeaux F"
"https://www.flashscore.fr/match/Q7wn8ThB/#/resume-du-match","12.10.2024 20:00","https://static.flashscore.com/res/image/data/EoW9oZne-nXsuseHU.png","Nantes F","https://static.flashscore.com/res/image/data/xYqIsjS0-h8stGA9B.png","Quimper F"
"https://www.flashscore.fr/match/4Mt8DOUj/#/resume-du-match","19.10.2024 20:00","https://static.flashscore.com/res/image/data/xYqIsjS0-h8stGA9B.png","Quimper F","https://static.flashscore.com/res/image/data/pb4qCqhT-8zvzV4EE.png","Mulhouse F"
"https://www.flashscore.fr/match/Iq5yFy6e/#/resume-du-match","22.10.2024 20:00","https://static.flashscore.com/res/image/data/Ucgr01AN-K61S6nf6.png","Le Cannet F","https://static.flashscore.com/res/image/data/xYqIsjS0-h8stGA9B.png","Quimper F"
"https://www.flashscore.fr/match/vymsSr1s/#/resume-du-match","26.10.2024 20:00","https://static.flashscore.com/res/image/data/xYqIsjS0-h8stGA9B.png","Quimper F","https://static.flashscore.com/res/image/data/AHCQklQq-2PyyqJnK.png","Vandoeuvre Nancy F"
"https://www.flashscore.fr/match/zcwtZHEO/#/resume-du-match","02.11.2024 20:00","https://static.flashscore.com/res/image/data/xYqIsjS0-h8stGA9B.png","Quimper F","https://static.flashscore.com/res/image/data/hrBXt7oe-WdTZ02TO.png","Levallois Paris SC F"
"https://www.flashscore.fr/match/ny7biaUh/#/resume-du-match","09.11.2024 14:00","https://static.flashscore.com/res/image/data/KGdQf6R0-YPVMw8Lc.png","France Avenir 2024 F","https://static.flashscore.com/res/image/data/xYqIsjS0-h8stGA9B.png","Quimper F"
"https://www.flashscore.fr/match/W48CfPt2/#/resume-du-match","16.11.2024 20:00","https://static.flashscore.com/res/image/data/xYqIsjS0-h8stGA9B.png","Quimper F","https://static.flashscore.com/res/image/data/tt6fcE5k-YPVMw8Lc.png","Terville Florange F"
"https://www.flashscore.fr/match/UHZtTqmR/#/resume-du-match","23.11.2024 20:00","https://static.flashscore.com/res/image/data/6yYLEi5k-n1sH02GH.png","Béziers F","https://static.flashscore.com/res/image/data/xYqIsjS0-h8stGA9B.png","Quimper F"
"https://www.flashscore.fr/match/Is8UJuAD/#/resume-du-match","30.11.2024 19:00","https://static.flashscore.com/res/image/data/ngstUole-YPVMw8Lc.png","Pays d'Aix Venelles F","https://static.flashscore.com/res/image/data/xYqIsjS0-h8stGA9B.png","Quimper F"
"https://www.flashscore.fr/match/KnrnYVUN/#/resume-du-match","07.12.2024 20:00","https://static.flashscore.com/res/image/data/xYqIsjS0-h8stGA9B.png","Quimper F","https://static.flashscore.com/res/image/data/rZrFH8VH-Wvpp23pa.png","Chamalières F"
"https://www.flashscore.fr/match/fw8dw9M9/#/resume-du-match","14.12.2024 20:00","https://static.flashscore.com/res/image/data/xYqIsjS0-h8stGA9B.png","Quimper F","https://static.flashscore.com/res/image/data/GU4ZEljC-0YzdcTbG.png","Marcq-en-Barœul F"
"https://www.flashscore.fr/match/QRsyWQEq/#/resume-du-match","18.12.2024 19:00","https://static.flashscore.com/res/image/data/pb4qCqhT-8zvzV4EE.png","Mulhouse F","https://static.flashscore.com/res/image/data/xYqIsjS0-h8stGA9B.png","Quimper F"
"https://www.flashscore.fr/match/8rwfre46/#/resume-du-match","29.12.2024 17:00","https://static.flashscore.com/res/image/data/xYqIsjS0-h8stGA9B.png","Quimper F","https://static.flashscore.com/res/image/data/pAxCRwA6-YPVMw8Lc.png","RC Cannes F"
"https://www.flashscore.fr/match/jRfpgCIO/#/resume-du-match","11.01.2025 20:00","https://static.flashscore.com/res/image/data/jFVCfLRq-UVTRjfma.png","Bordeaux F","https://static.flashscore.com/res/image/data/xYqIsjS0-h8stGA9B.png","Quimper F"
"https://www.flashscore.fr/match/GnBDPqg3/#/resume-du-match","18.01.2025 20:00","https://static.flashscore.com/res/image/data/xYqIsjS0-h8stGA9B.png","Quimper F","https://static.flashscore.com/res/image/data/Ucgr01AN-K61S6nf6.png","Le Cannet F"
"https://www.flashscore.fr/match/A9n9EJp2/#/resume-du-match","25.01.2025 20:00","https://static.flashscore.com/res/image/data/AHCQklQq-2PyyqJnK.png","Vandoeuvre Nancy F","https://static.flashscore.com/res/image/data/xYqIsjS0-h8stGA9B.png","Quimper F"
"https://www.flashscore.fr/match/CG1pmviR/#/resume-du-match","01.02.2025 20:00","https://static.flashscore.com/res/image/data/tt6fcE5k-YPVMw8Lc.png","Terville Florange F","https://static.flashscore.com/res/image/data/xYqIsjS0-h8stGA9B.png","Quimper F"
"https://www.flashscore.fr/match/Y7HPuH0b/#/resume-du-match","08.02.2025 20:00","https://static.flashscore.com/res/image/data/xYqIsjS0-h8stGA9B.png","Quimper F","https://static.flashscore.com/res/image/data/6yYLEi5k-n1sH02GH.png","Béziers F"
"https://www.flashscore.fr/match/fyo7hfp4/#/resume-du-match","15.02.2025 20:00","https://static.flashscore.com/res/image/data/rZrFH8VH-Wvpp23pa.png","Chamalières F","https://static.flashscore.com/res/image/data/xYqIsjS0-h8stGA9B.png","Quimper F"
"https://www.flashscore.fr/match/tSaOHADF/#/resume-du-match","22.02.2025 20:00","https://static.flashscore.com/res/image/data/xYqIsjS0-h8stGA9B.png","Quimper F","https://static.flashscore.com/res/image/data/EoW9oZne-nXsuseHU.png","Nantes F"
"https://www.flashscore.fr/match/MqtvCusf/#/resume-du-match","01.03.2025 20:00","https://static.flashscore.com/res/image/data/GU4ZEljC-0YzdcTbG.png","Marcq-en-Barœul F","https://static.flashscore.com/res/image/data/xYqIsjS0-h8stGA9B.png","Quimper F"
"https://www.flashscore.fr/match/t8ynuvBt/#/resume-du-match","08.03.2025 20:00","https://static.flashscore.com/res/image/data/xYqIsjS0-h8stGA9B.png","Quimper F","https://static.flashscore.com/res/image/data/ngstUole-YPVMw8Lc.png","Pays d'Aix Venelles F"
"https://www.flashscore.fr/match/p0Y2ydA5/#/resume-du-match","15.03.2025 20:00","https://static.flashscore.com/res/image/data/hrBXt7oe-WdTZ02TO.png","Levallois Paris SC F","https://static.flashscore.com/res/image/data/xYqIsjS0-h8stGA9B.png","Quimper F"
"https://www.flashscore.fr/match/ANqC2Y84/#/resume-du-match","22.03.2025 20:00","https://static.flashscore.com/res/image/data/xYqIsjS0-h8stGA9B.png","Quimper F","https://static.flashscore.com/res/image/data/KGdQf6R0-YPVMw8Lc.png","France Avenir 2024 F"